"ulasan","pfm+","pfm-","psn+","psn-","byr+","byr-","ftr+","ftr-","tpl+","tpl-","umu+","umu-"
"Tampilan baru malah makin lemot parah aplikasi nya...","0","1","0","0","0","0","0","0","0","1","0","0"
"Sekelas aplikasi pemerintah jeleknya minta ampun, server jelek","0","1","0","0","0","0","0","0","0","0","0","1"
"Mendingan kemaren, update malah ga jelas","0","1","0","0","0","0","0","0","0","0","0","0"
"PECAT UI/UX DESIGNERNYA SUMPAH !!! UI bagus tapi UX jelek, UI/UX designernyagausah ngide dah modal bagusin tampilan tapi user journey ga diperhatiin makin ribet, belajar lagi UI/UX nya :v","0","1","0","0","0","0","0","0","0","1","0","0"
"Mau masuk lemot, proses ke pembayaran juga lemot, sampai- sampai waktu pembayaran habis. Perbaiki lah ini aplikasi parah super lemot dari segala2nya","0","1","0","1","0","0","0","0","0","0","0","0"
"Diupdate kok malah ga bisa beli tiket ya... muter terus... tolong kedepannya jagan UI nya aja yg diperbaiki... mending versi yg lama.. versi yg baru jelek banget performanya..","0","1","0","1","0","0","0","0","0","0","0","0"
"Lah kenapa sudah update malah makin ribet dan susah diakses.. Mohon diperbaiki min","0","1","0","0","0","0","0","0","0","0","0","0"
"Di perbaharui malah susah di buka.nyusahin....","0","1","0","0","0","0","0","0","0","0","0","0"
"Setelah di update dan tampilan baru malah lebih ..parah bug ny..loading lama....lemot..malah setelah update data nik berubah gmn ini team ...IT ny","0","1","0","0","0","0","0","0","0","1","0","0"
"Setelag update aplikasi menjadi sangat lemot di semua fiturnya, terutama di fitur Tiket Saya! Tiket yang sudah dibeli lama sekali bufferingnya menyebabkan kelamaan menunggu dipenukaran tiket/cetak boarding. Dan fitur Kereta untuk membeli tiker antar kotapun demikian begitu lemot bufferingnya. Mungkin seharusnya dicoba terlebih dahulu di internal KAI jangan langsung main update tetapi aplikasi belum bisa maksimal.","0","0","1","0","0","0","0","0","0","0","0","0"
"Bagusan aplikasi lama. Pilihan reduksi tidak muncul. Dari segi visualisasi ,membagongkan tdk enak dilihat dan sulit dipahami. User interface tuh jangan ramai banget warnanya. user suka yg simpel. Apakah sblm launching tdk di uji dan analisis dulu ke user sampel. Balik kayak yg lama aja, simpel. Kl pun mau tambah fungsi, ya jangan diubah tampilannya semua.","1","0","0","0","0","0","0","0","0","0","0","0"
"INI BAGAIMANA APLIKASI BARUNYA KOK ERROR? SAYA MAU PESAN TIKET JADI GABISA, GARA2 TIAP MAU BAYAR SELALU TIME OUT PADAHAL BARU SAJA DI KLIK TIBA2 SUDAH TIME OUT, SAMPAI SAYA LOGOUT DAN UNINSTALL ULANG TETEP GABISA, MAU HAPUS AKUN SAJA SEKALIAN JUGA GABISA, ALASANNYA KARENA ADA TIKET PERJALANAN YANG BLM SELESAI PDHL TIDAK ADA SAMA SEKALI WONG MAU BELI TIKET BARU AJA GABISA KOK.. GIMANA DONG INI SOLUSINYA? JADI SUSAH MAU BELI TIKET HARUS NYURUH ADEK SAYA PAKAI AKUNNYA","0","1","0","1","0","0","0","0","0","0","0","0"
"setelah update tambah lemot pak","0","1","0","0","0","0","0","0","0","0","0","0"
"D suruh upgrade ke basic tp ""idnum already exist"" itu gmna min. Kesel jg lama2","0","1","0","0","0","0","0","0","0","0","0","0"
"Mohon maaf setelah update akses menjadi lebih lambat, tidak seperti pada aplikasi sebelumnya. Saat memilih kursi timeout menunggu lama sekali. Menghabiskan banyak waktu","0","1","0","1","0","0","0","0","0","0","0","0"
"Sangat buruk saya telat 2 menit uang gabisa di refund malah hangus,jadi 200rbu cuman beli angin","0","1","0","0","0","1","0","0","0","0","0","0"
"Aplikasii kai setelah diupdate sangat sangatt jelek operasional yang lambat,beda sama aplikasi sebelum diupdate operasionalny lebih cepat,dan sekarang aplikasinya sangat sangat mempersulittt saya harap aplikasi ini bisa ditindaklanjutiiiiiii!!!!!!!!!!!!!!!!!","0","1","0","0","0","0","0","0","0","0","0","0"
"Bikin aplikasi kok sampai g bisa di akses/eror. Sampai hampir g bisa dapat tiket di aplikasi gara"" eror. Akhirnya ya manual di stasiun.","0","1","0","1","0","0","0","0","0","0","0","0"
"Tolong dong kalo update aplikasi blm bisa maksimal jangan di paksain Udah kembali aja di jalan batu Buka aplikasi aja susah bgt berak kaya bawa gunung","0","1","0","0","0","0","0","0","0","0","0","0"
"Upgrade biar makin meningkat ini malah tambah parah, lemot dioperasikan. Gimana sih, malah mempersulit.. Hubungi lewat sosial media lain no respon. Parah banget.","0","1","0","0","0","0","0","0","0","0","0","0"
"Makin kesini makin menyusahkan","0","1","0","0","0","0","0","0","0","0","0","0"
"LEMOTTT POOOLLLLLLLL APLIKASI STUCK DI LOGO AJA, GABISA DIBUKA","0","1","0","0","0","0","0","0","0","0","0","0"
"Sejak diperbarui makin ribet.. Pesen tiket gabisa sat set.. Sering lemot.. Susah pesen tiket tertulis habis padahal real nta tiket masih tersedia.. Susah beli tiket di aplikasi skrng.. Hhh.. Balikin ajasih kek yg lama biar gak mempersulit pengguna.. Thx","0","1","0","1","0","0","0","0","0","0","0","0"
"setelah aplikasi di update malah makin sulit diakses","0","1","0","0","0","0","0","0","0","0","0","0"
"Setelah update ke logo baru kok malah jadi makin parah ya. 1. Untuk masuk ke aplikasinya lama banget dan kadang logout sendiri 2. Saya mau pesen tiket kereta tp gak update akhirnya pesen via KAI web 3. Gak bisa buka tiket, padahal belom semua stasiun bisa pake face recognation jadi tetep harus liat kode booking, sedangkan untuk masuk ke aplikasinya aja susah Tolong dong diperbaikin lagi, kenapa masih bagus versi lama.","0","1","0","1","0","0","0","0","0","0","0","0"
"Masih user friendly aplikasi yang lama","1","0","0","0","0","0","0","0","0","0","0","0"
"Jadi lemot banget.","0","1","0","0","0","0","0","0","0","0","0","0"
"Banyak masalah sma bikin akun, minta di perbaiki sistem nya maaf","0","1","0","0","0","0","0","0","0","0","0","0"
"Perlu banyak perbaikan....","1","0","0","0","0","0","0","0","0","0","0","0"
"Lemot","0","1","0","0","0","0","0","0","0","0","0","0"
"Setelah update kok malah makin lemot yah, mau buka aplikasinya aja loading terus","0","1","0","0","0","0","0","0","0","0","0","0"
"Kita butuh buat beli tiket aja jangan ditambahin yang aneh aneh, jadi lemot banget.","0","1","0","1","0","0","0","0","0","0","0","0"
"Kenapa setelah di update jadi lama mau buka apknya. Gak cuma itu, mau pencarian juga lama, mohon ditingkatkan lagi biar tidak ada kendalaðŸ™","0","1","0","0","0","0","0","0","0","0","0","0"
"knp mau masuk aja susah bngt sih klo yg versi lama bner2 canggih.....","0","1","0","0","0","0","0","0","0","0","0","0"
"BURUKKKKKKKK!!!!","0","1","0","0","0","0","0","0","0","0","0","0"
"Kok malah jadi ribet ya min kalo mau cek jadwal Commuter line. Lebih enak aplikasi sebelum nya","0","1","0","1","0","0","0","0","0","0","0","0"
"Gara gara update lemot bangattt","0","1","0","0","0","0","0","0","0","0","0","0"
"Kurang faham fitur baru jelek menurut saya sih","0","1","0","0","0","0","0","0","0","0","0","0"
"Aplikasi nya blm memuaskan masa loading terus sih masa mandang provider kartu. Tolong dong di tingkan lagi sama meraka kesusahan pake aplikasi ini","0","1","0","0","0","0","0","0","0","0","0","0"
"Malah engga ada jadwal setelah update. Aplikasi payah","0","1","0","0","0","0","0","0","0","0","0","0"
"benerin dulu sistemnya","1","0","0","0","0","0","0","0","0","0","0","0"
"Saya mau lihat jadwal kereta sekaligus pesan tiket sulit untk d buka.g tau..g jelas.padahal sblmnya juga mudah.pdhal urgent..","0","1","0","1","0","0","0","0","0","0","0","0"
"Aplikasi diperbarui kok malah makin susah buat masuk. Tiap masuk selalu bendal atau kalau bisa masuk, mutarnya lama. Tulung diperbaiki servernya juga.","0","1","0","0","0","0","0","0","0","0","0","0"
"Aplikasi lambat banyak BUG","0","1","0","0","0","0","0","0","0","0","0","0"
"Di update bukan nya makin bagus.. ini malah makin buruk,makin bapuk,makin down..","0","1","0","0","0","0","0","0","0","0","0","0"
"Luar biasa","1","0","0","0","0","0","0","0","0","0","0","0"
"Lemot, udah bayar tiket, tapi ga muncul","0","1","0","0","0","1","0","0","0","0","0","0"
"Kenapa KAI access diperbaharui otomatis? Dan malah jadi tidak bisa dibuka sama sekali","0","1","0","0","0","0","0","0","0","0","0","0"
"lama yaa","0","1","0","0","0","0","0","0","0","0","0","0"
"Versi terbaru super lelet, big noooo","0","1","0","0","0","0","0","0","0","0","0","0"
"Diupdate bukannya makin baik malah makin lemottt, udah gitu tiap buka disuruh login terus tuh konsepnya gimana sii?? Mana loginnya ga jelas LEMOTT PARAHHH HUU PERBAIKI DONG TOLONG","0","1","0","0","0","0","0","0","0","0","0","0"
"bagus dan keren, catatan untuk pengguna jika hanya untuk lihat jadwal atau lainnya sebaiknya akses lokasinya di non aktifkan dulu","1","0","1","0","0","0","0","0","0","0","0","0"
"BURUK!!!!!! BUKANNYA MEMPERMUDAH,MALAH MEMPERSULIT!!!!","0","1","0","0","0","0","0","0","0","0","0","0"
"Kecewa banget dengan kereta suka macet jadi menghambat perjalanan","0","0","0","0","0","0","0","0","0","0","0","1"
"nih servernya gmana ya? lemot bener","0","1","0","0","0","0","0","0","0","0","0","0"
"Lemooot,padahal yg lama cepet bgt begitu update lemoooot,ud dicoba berkali2 tetep aja, tolong segera perbaiki dong pt kai","0","1","0","0","0","0","0","0","0","0","0","0"
"Tampilan baru mengecewakan l..Mau bayar knp kadaluarsa terus sih..","0","1","0","0","0","1","0","0","0","1","0","0"
"makin upgrade malah makin lemotttttttttt!!!!","0","1","0","0","0","0","0","0","0","0","0","0"
"Sebelumnya saya sudah beli tiket pake aplikasi lama, trus saya cek.. di aplikasi tiket saya ilang tuh.. pertanggungjawabannya gimana?","0","0","0","1","0","0","0","0","0","0","0","1"
"Saya kira hanya terjadi di saya, namun banyak juga yang mengeluhkan kalau kai access yg sekarang agak lebih ribet dari versi sebelumnya. Mohon maaf admin, jujur saya merasa kai access yg sekarang terlalu mirip dengan aplikasi travelling yg lain. Saya apresiasi penambahan fitur seperti ka lokal, krl, dan kcic. Namun penambahan fitur lain seperti hotel dan bus, menurut saya membuat kai access kehilangan identitasnya sebagai kai access","0","1","0","0","0","0","0","0","0","0","0","1"
"Pembatalan tiket kereta melalui KAI access dipotong 25% sudah itu proses refund 45 hari baru akan ditransfer balik dan giliran pembatalan reservasi hotel melalui KAI access diarahkan untukmenghubungi traveloka, pihak traveloka sudah dihubungi dan setuju serta mengkonfirmasi reservasi dibatalkan tanpa pinalti namun untuk pengembalian dana nya diarahkan menghubungi tempat awal melakukan pemesanan yaitu KAI access, di aplikasi KAI access tidak ada sama sekali opsi chat minta bantuan.","0","1","0","1","0","0","0","0","0","0","0","0"
"Dulu sebelum di update jaringannya lancar sekarang Setelah update kok lebit lemot ya. Kemarin saya mau pesan tiket sampai memakan waktu 20 menit di ind***** buat menunggu kode keluar. Sampai saya 4 kali percobaan baru bisa. Mohon kepada Developer KAI untuk memperbaiki jaringannya. Terimakasih","0","1","0","1","0","0","0","0","0","0","0","0"
"Wkwkwkwk afaan sekelas perusahaan bumn ga mamfu bikin aplikasi bener bukannya mempermudah tapi malah mempersulit. Cuihhhhh","0","1","0","0","0","0","0","0","0","0","0","0"
"Woi admin balikin ke aplikasi lama lah.. lemot banget aplikasi update baru.. Setelah update malah makin tdk user friendly, filter hanya ada 1 pilihan (dulu bisa by waktu, harga, dan kelas), pilih kursi juga hrs scroll atas bawah (dulu 1 layar tampak semua), hadeuh bukannya makin maju","0","1","0","0","0","0","0","0","0","1","0","0"
"Nyesel upgrade ke versi baru,berkali2 coba masuk tetep aja g bisa login","0","1","0","0","0","0","0","0","0","0","0","0"
"Kenapa ya aplikasi nya lemot bangt loading nya lama pula gak kaya aplikasi yang sebelum nya di rubah ketambah suka tiba2 keluar sendiri dan harus login bekali kali","0","1","0","0","0","0","0","0","0","0","0","0"
"Diperbarui bukanya malah lebih baik malah menyusahkan. Mau upgrade ke basic pake akun yang lama muncul tulisan email dan no hp sudah out. Bintang 1","0","1","0","0","0","0","0","0","0","0","0","0"
"Update terburuk buat apk...","0","1","0","0","0","0","0","0","0","0","0","0"
"Promonya aja rame gililran aplikasi di buka ngeleggg, naruh uang di saldo KAI juga gak berguna. Mending go show di loket.","0","1","0","1","0","0","0","0","0","0","0","0"
"Versi baru lebih lemot ... loadingnya lama akses masuk aplikasinya, bgt jg berpindah menu dll ... mohon segera diupgrade","0","1","0","0","0","0","0","0","0","0","0","0"
"ini ga di testing dulu apa gimana sih pas mau deploy ke prod, masa setelah di update ke UI baru aplikasi malah ngelag gak bisa digunakan sama sekali, lemot parah","0","1","0","0","0","0","0","0","0","0","0","0"
"Aplikasi jadi semakin susah dimengerti... Untuk cek jadwal krl aja ga detail seperti sebelumnya...lemot...malah jadi jelek","0","1","0","0","0","1","0","0","0","0","0","0"
"Aplikasi di update tapi malah bikin masalah dak bisa login 'sign failed'. Coba lupa password masih tetap. Sudah telpon kai 121 dikasih password standar tetap saja. Benar2 menghambat, bukan malah perbaikan. Sebelum diganti harusnya uji coba dulu. Padahal harus segera booking tiket. Dan sudah banyak penilaian 1 bintang tetap saja aplikasi belum diperbaharui sampai sekarang.","0","1","0","1","0","0","0","0","0","0","0","0"
"Setelah di update menjadi down","0","1","0","0","0","0","0","0","0","0","0","0"
"Bagus","1","0","0","0","0","0","0","0","0","0","0","0"
"Mentenaince kah? Semenjak update jadi gabisa masuk apk lemottt ngebug , udh tau urgent mau cepet"" pesen tiket, lain kali bagusin dulu apk nyaaa baru suruh penumpang beuli online babi","0","1","0","1","0","0","0","0","0","0","0","0"
"Semenjak update terbaru malah makin parah dan lemot, update bukannya makin bagus malah makin buruk. Tolong dong diperbaiki masa saya mau pesen Tiket 3 jam ngk kelar kelar failed terus, masih bagusan KAI acces daripada ini. Mohon agar segera diperbaiki, jadinya menghambat orang untuk bepergian dengan kereta kalau seperti ini","0","1","0","1","0","0","0","0","0","0","0","0"
"Aneh d update bukanya tambah cepet tp tambah lemot, sy kira jaringan ternyata mmg lemot aplikasinya....ni gr2 d korup sm org bumn, cari proyek buat komisaris","0","1","0","0","0","0","0","0","0","0","0","0"
"Di update, bukannya semakin bagus, semakin lemmot... ðŸ˜©ðŸ˜©ðŸ˜©","0","1","0","0","0","0","0","0","0","0","0","0"
"Terlalu diulang ulang","0","1","0","0","0","0","0","0","0","0","0","0"
"Aplikasi terupdate otomatis.. Tampilannya skrg tambah ribet dan bikin bingung.. Lebih simpel tampilan yg lama.. Seharusnya klo memang ada update lebih mempermudah..ini malah sebaliknya..","0","1","0","0","0","0","0","0","0","1","0","0"
"Top markotop","1","0","0","0","0","0","0","0","0","0","0","0"
"Versi terbaru, tapi makin buruk. Login via email dan no hp tetap aja muter sampe berkecambah","0","1","0","0","0","0","0","0","0","1","0","0"
"Lemottttt,freeze, udah di update koq malah parahhh","0","1","0","0","0","0","0","0","0","0","0","0"
"Biasanya update itu untuk mempermudah,ini malah kebalikan nya,mempersulit,lemot ga ktulungan,harus log in dri awal,data smua hilang","0","1","0","0","0","0","0","0","0","0","0","0"
"Saya suka kereta","1","0","0","0","0","0","0","0","0","0","1","0"
"Dah update ga bisa di buka,, nge leg","0","1","0","0","0","0","0","0","0","0","0","0"
"Parah nih layanan aplikasi ini. Lama banget loading buat dapet kode otp, apalagi saat login masuk. Masa aplikasi setingkat pelayanan masyarakat gini amat. Kaga profesional operator nih aplikasi. Pake di blokir segala lagi buat dapetin otp karna muncul2.... ðŸ‘ŽðŸ‘Ž","0","1","0","1","0","0","0","0","0","0","0","0"
"Upgrade malah lemot, interface enak yg lama. Mo beli tiket malah jadi susah, mohon di perbaiki. Pengguna setia KAI tiap weekend","0","1","0","0","0","0","0","0","0","0","0","0"
"Dah lah bikin pusing, udah bener2 apk lama ngapain jadi update kek t*i","0","1","0","0","0","0","0","0","0","0","0","0"
"Jadi sulit dalam login dan ga prnah muncul tampilan pemesanan tiket","0","1","0","1","0","0","0","0","0","0","0","0"
"Lemott ga bisa masuk udah masuk malaj ke luar harus login tapi pas login lemot parah ga bisa masuk susah","0","1","0","0","0","0","0","0","0","0","0","0"
"Lemot sekali kapan normal lagi","0","1","0","0","0","0","0","0","0","0","0","0"
"Ini kenapa sih aplikasi BUMN sering gangguan terus!!,masa disuruh log in lagi padahal sudah punya akun. Aneh kalah sama aplikasi swasta yang lebih bagus dan jarang gangguan....ðŸ‘ŽðŸ‘ŽðŸ‘Ž","0","1","0","0","0","0","0","0","0","0","0","0"
"diupgrade malah sering blank hitam.","0","1","0","0","0","0","0","0","0","0","0","0"
"Ko malah lemot versi baru,parah ah","0","1","0","0","0","0","0","0","0","0","0","0"
"Tampilan yg semakin memudahkan","0","0","0","0","0","0","0","0","1","0","0","0"
"Lemot banget bikin emosi","0","1","0","0","0","0","0","0","0","0","0","0"
"MASALAH MULU","0","1","0","0","0","0","0","0","0","0","0","0"
"Aplikasi yg semakin mempersulit penggunanya,mana lemot bgt","0","1","0","0","0","0","0","0","0","0","0","0"
"Lemot banget tiap mau pesan tiket per step nya lama. Padahal jaringan sama handphone OK","0","1","0","1","0","0","0","0","0","0","0","0"
"Ga jelas Anjir. Log in gagal terus.. di update malah makin ribet","0","1","0","0","0","0","0","0","0","0","0","0"
"Banyak fitur dan pilihannya tapi gabusa sama saja kalo tidak bisa terakses, lebih running sama versi yang lama nya, Merugikan konsumen apabila ada sesuatu mendesak dan butuh reshcedulle tiket tetapi gabisa, sudah coba telpon dan tanya ke 021121 service center juga ga ada solusi, sudah saya coba manual unistall kemudian download install lagi.. sama saja gabisa.. harus jadi perhatian dong ini","0","1","0","1","0","0","0","0","0","0","0","1"
"Apa gunanya update jadi tambah susah mengacess mau liat jadwal harus login ulang very badðŸ‘Ž","0","1","0","0","0","0","0","0","0","0","0","0"
"Gabisa dibuka inii yg update","0","1","0","0","0","0","0","0","0","0","0","0"
"Kembalikan KAI access yg dulu. Yg ini jelek banget. Liat tiket kek misteri. Harga gk langsung muncul harus klik lagi. Gk user friendly ini. Update tu makin baik ini kemunduran.","0","1","0","0","0","0","0","0","0","0","0","0"
"Ini aplikasi nya banyak pengguna jadi suka lemot, dan tapi KAI belum mengatasi masalah itu","0","1","0","0","0","0","0","0","0","0","0","0"
"Selaraskan antara kebijakan dan keandalan aplikasinya. Jangan buat peraturan untuk calon penumpang kereta lokal harus pesan tiket lewat aplikasi tapi aplikasinya tak bisa di andalkan. Kecepatan pelayanan melalui aplikasi juga menjadi daya tarik calon penumpang. Jangan sampai membuat penumpang menjadi kurang nyaman dengan performa aplikasi yang buruk.","0","1","0","0","0","0","0","0","0","0","0","1"
"Setelah di-update jadi lemot buka aplikasinya. Payah, buka app loadingnya lama. ðŸ‘‡ðŸ‘ŽðŸ‘ŽðŸ‘ŽðŸ‘Ž","0","1","0","0","0","0","0","0","0","0","0","0"
"Diperbarui mala jadi lemot banget,tiap mbuka apk harus login lagi login lagi,mohon ditingkatkan lagi pelayananya","0","1","0","0","0","0","0","0","0","0","0","0"
"Aneh banget ini aplikasi, di update malah makin buruk. Gabisa dipake sama sekali. Gabisa masuk sama sekali terus aja muter. Bukannya makin bagus! Lemoooott! Tiap masuk langsung nge logout. Minta verifikasi trs. Udah masukin nomor verifikasi tetep aja muter malah minta verifikasi lagi. Terus aja gitu. Bukannya mempermudah malah bikin emosi.","0","1","0","0","0","0","0","0","0","0","0","0"
"Makin ga jelas aplikasinya, bikin promo ga jelas juga gan","0","1","0","0","0","0","0","0","0","0","0","0"
"Setelah diupdate jd ngebug. Lama","0","1","0","0","0","0","0","0","0","0","0","0"
"TAMBAH LEMOT","0","1","0","0","0","0","0","0","0","0","0","0"
"Udah minta update, Malah lemot sama login susah","0","1","0","0","0","0","0","0","0","0","0","0"
"Parah setelah di update malah tidak bisa di buka aplikasinya, bukannya mempermudah malah jadi mempersulit","0","1","0","0","0","0","0","0","0","0","0","0"
"Tiba tiba aupdate terus login kembali ke email yang dulu gak bisa masuk lagi apa gak bisa daftar lagi pakek email baru","0","1","0","0","0","0","0","0","0","0","0","1"
"lemot paraaaaaaah aplikasinya!","0","1","0","0","0","0","0","0","0","0","0","0"
"Makin ribet, malah downgrade.. mau cari kereta harus klik dulu keretanya untuk tau ketersediaan kursi. Msh enak aplikasi yg dulu. Lgsg terlihat ketersediaan kursinya","0","1","0","1","0","0","0","0","0","0","0","0"
"Lemoottt banget stuck gk bisa ngapa2in padahal jaringan full. Setiap ada flash sale selalu eror :(","0","1","0","0","0","0","0","0","0","0","0","0"
"Kenapa si ini setelah Update kok malah makin lemot, saat masuk ke apk nya jga lemot, yg mau bli tiket atau mau bepergian naik Kereta jdi terhambat apalagi yg mau pergi kerja. Tolong di perbaiki lgi ðŸ™","0","1","0","1","0","0","0","0","0","0","0","0"
"payah mau pesen tiket aja lama bgt, eror mulu","0","1","0","1","0","0","0","0","0","0","0","0"
"Saat ini apk nya malah jadi kurang membantu Detail kendala. Loadingnya lama sekali, saat mau cek jadwal commuter line susah sekali mencari nama stasiun . Memakan banyak waktu loading namun hasil pencarian malah tidak keluar.","0","1","0","1","0","0","0","0","0","0","0","1"
"LEMOTT GAMASUK MASUK SAAT LAGI BUTUH BUTUHNYA","0","1","0","0","0","0","0","0","0","0","0","0"
"Penggunaan jadi lebih mudah dan ringan","1","0","0","0","0","0","0","0","0","0","0","0"
"Setelah di update, mau buka apk nya jadi lama bgt","0","1","0","0","0","0","0","0","0","0","0","0"
"Bagaimana mau pesen tiket, aplikasinya sangat lelet ðŸ¤¦","0","1","0","0","0","0","0","0","0","0","0","0"
"Tidak memberikan kemudahan customer update an yg baru ini. Maaf bintang 1. Lebih suka aplikasi sebelumnya karena lbh banyak dan mudah dimengerti oleh customer/pengguna","0","1","0","0","0","0","0","0","0","0","0","0"
"Hampir telat kereta karena otomatis update, update terakhir justru makin buruk, sangat lemot","0","1","0","0","0","0","0","0","0","0","0","0"
"Abis di update lemoooottttttttt","0","1","0","0","0","0","0","0","0","0","0","0"
"masih lemot padahal jaringan/wifi bagus","0","1","0","0","0","0","0","0","0","0","0","0"
"Aplikasi nya Lemot banget , malah makin lama","0","1","0","0","0","0","0","0","0","0","0","0"
"Kakak ini gimana ko update otomatisðŸ˜­, pas masuk lagi tiket saya hilanggg mana perjalanan buat hari sabtu kakkðŸ˜­ rugi uang dongg saya masih mahasiswa belom punya uang kakkkðŸ˜­","0","1","0","0","0","0","0","0","0","0","0","0"
"Tidak sesuai yang di harapkan. Aplikasi tambah lemot","0","1","0","0","0","0","0","0","0","0","0","0"
"ini kai acces yg baru lemot bgt ke logout teruss pas mau masuk lagi malah gagal pdahal sinyal lancar","0","1","0","0","0","0","0","0","0","0","0","0"
"Aplikasi gak jelas","0","1","0","0","0","0","0","0","0","0","0","0"
"Gimna sihhh iniðŸ˜­ makin susah masuk aj, harus log in teruss mana setiap hari pulang pergi kerja harus naek keretaðŸ˜ŒðŸ˜Œ tolong di benahi dong katanya lebih mudah, tapi nyatanyaðŸ¤","0","1","0","0","0","0","0","0","0","0","0","0"
"Setelah update jadi susah login, butuh waktu yang amat sangat lama itupun gak berhasil juga untuk login. Udh terlanjur kesel saya uninstall lagi aja","0","1","0","0","0","0","0","0","0","0","0","0"
"Setelah update jadi kacau ini aplikasi, susah akses, not responding, slow banget buat buka apk.. Mohon perbaikannyaðŸ™ kalau bisa mending pake versi lama lebih enak","0","1","0","0","0","0","0","0","0","0","0","0"
"Aplikasi lemot, bukannya mempermudah malah mempersulit, bapak saya sampe debat sama security stasiun gara2 gabisa pesen tiket, tolong di perbaiki lagi, kalo bisa evaluasi besar2an biar penumpang ga banyak yg di rugikan","0","1","0","1","0","0","0","0","0","0","0","0"
"Hallo min, kenapa ya pas udah di update, si aplikasinya jadi susah dibuka dan sering mentok logo kai nya terus. Tolong cepet diperbaiki dong aplikasinya.","0","1","0","0","0","0","0","0","0","0","0","0"
"Kenapa aplikasinya jadi ribet begini ,,,,,susah masuknya lagi tolong diperbaiki lagi","0","1","0","0","0","0","0","0","0","0","0","0"
"Kalo w ga butuh ma akses kereta ini males bgt dah make app ini, minggu2 ini loading trs, eror trs mana org tuh buru2, ini bner2 bkin emosi, pas nyampe stasiun disuruh ke loket, dari loket disuruh ke petugas dpn bner nyebelin bgt sampe ketinggalan jadwal kereta dong mana lg buru2, kalo org gbs beli diloket ya benerin dong tu app, jgn ngerugiin waktu orang.","0","1","0","1","0","0","0","0","0","0","0","1"
"Kepada admin mohon bantuannya, saya terkendala tidak dapat login bila menggunakan provider jaringan tri","0","1","0","0","0","0","0","0","0","0","0","0"
"Login aja susah bgt apalagi mau beli tiket ðŸ˜­ðŸ˜­ ko apk nya stlah d update ga berjalan dgn baik","0","1","0","1","0","0","0","0","0","0","0","0"
"Setelah update malah makin gak praktis, Kalo sudah habis ya jangan di display di atas lah,","0","1","0","0","0","0","0","0","0","0","0","0"
"Mudah, lancar pembayarannya....yg tdk punya atm ,bisa melalui indomart,alfamart.....mantap","0","1","0","0","0","1","0","0","0","0","0","0"
"Abis di update bukannya makin bagus malah makin aneh bobrok banget ditambah ada event promo agustusan akun ke log out sendiri gabisa di akses. dimana2 update aplikasi makin bagus kok malah makin makin bobrok","0","1","0","0","0","0","0","0","0","0","0","0"
"Pas habis update malah makin susah buat masuk ngga ada otak klo sebelum update masih gampang ini beda nihðŸ—¿","0","1","0","0","0","0","0","0","0","0","0","0"
"Saat dibutuhkan, malah Error. Jadinya ketinggalan kereta. Harusnya Aplikasi Transportasi Umum lebih canggih dan cepat, karena terpaut waktu","0","1","0","0","0","0","0","0","0","0","0","0"
"Sesudah d update malah sering ngblank + sering logout sendiri","0","1","0","0","0","0","0","0","0","0","0","0"
"Yang baru semakin lemot dan eror, mohon diperbaiki","0","1","0","0","0","0","0","0","0","0","0","0"
"Lemot","0","1","0","0","0","0","0","0","0","0","0","0"
"Ini gimana , tiket udah d psen,tiba2 minta upgrade apk nya,stelah d install malah ngga bisa masuk,udah berkali-kali masuk tetep ngga bisa juga ...pak terbaru nya kagak jelas, tlong bantu nya supaya bisa masuk login...","0","1","0","1","0","0","0","0","0","0","0","0"
"Kenapa semakin di upgrade semakin lemot kai ini mana apk makin susah","0","1","0","0","0","0","0","0","0","0","0","0"
"Sejak diupdate malah makin susah Aplikasinya. Lemot sekali ketika cek tiket dan ketika menyelesaikan step by step setelah isi data penumpang. Malahan gk bisa menyelesaikan sampai step terakhir. Semoga ada update berikutnya dan bikin gk merepotkan. Ini update merepotkan sekali. Mohon dikondisikan min.","0","1","0","0","0","0","0","0","0","0","0","0"
"App nya lemmot bgt emang ya? Mau bikin sandi juga susah bgt, rempong, sebel aku, setiap ganti sandi selalu tdk disetujui, knp si app iniðŸ˜­","0","1","0","0","0","0","0","0","0","0","0","0"
"Kayaknya sudah normal. Sukses Access by KAI","1","0","0","0","0","0","0","0","0","0","0","0"
"Habis di update malah makin lemoooottttttt mau mesen tiket kereta jadi susahh ini tolong perbaiki dong!!!","0","1","0","0","0","0","0","0","0","0","0","0"
"Lemotnya minta ampun.. Bagaimana mau melayani publik kalo gini....tolong diperbaikilah segalanya... Mkasih.","0","1","0","0","0","0","0","0","0","0","0","0"
"tampilan ok pemesanan cepat lgsung dapat","1","0","0","0","0","0","0","0","1","0","0","0"
"Susah banget dibuka, ujung2nya dateng ke loket menyebalkan apalagi kalau waktu mepet","0","1","0","0","0","0","0","0","0","0","0","0"
"Sekarang Jadi Lemooottt","0","1","0","0","0","0","0","0","0","0","0","0"
"Aplikasi lemot","0","1","0","0","0","0","0","0","0","0","0","0"
"Saran aja mending gausah pake Aplikasi buat pesen tiket! Skrg apk nya malah makin ribet! Lemot juga udh d update makin gajelas masukin nmr hp aja loading trs muter sampe sejam Klo dibilang transportasi nyaman&murah dan ga bikin macet emg iya ,tpi liat skrg bnyak kendala klo lg urgent apa"" susah malah diribetin.","0","1","0","1","0","0","0","0","0","0","0","0"
"Tidak bersahabat dengan pemburu goshow, terlalu lemot. Keburu habis tiketnya","0","1","0","1","0","0","0","0","0","0","0","0"
"Apk nya cacad aku jadi ga bisa pulang","0","1","0","0","0","0","0","0","0","0","0","0"
"Saya beli tiket 1 tapi koo bayarnya dobel ?????, Saya isi saldo Kai pay 30 rb, harga tiket kereta api lokal 12.000 , saya beli tiket untuk 1 orng saja.. kok tiba"" saldo saya tinggal 6.000 ???? Kok pembayaran bisa dobel begituu, tolonggg pihak KAI kejelasaannya","0","0","0","1","0","1","0","0","0","0","0","0"
"Lemooooooooooooottttttt bangettttttttt,,setiap mau buka loadingnya lama padahal jaringan sudah bangus terus aplikasinya harus upgrade. Setiap mau buka harus masukin otp nya entah lewat email/sms,,padahal sebelum nya pernah kasih otp,,","0","0","0","1","0","0","0","0","0","0","0","1"
"Setelah Saya update, nggak bisa buka sama sekali hanya warna sampul saja","0","1","0","0","0","0","0","0","0","0","0","0"
"Super lelet asli lelet sedunia","0","1","0","0","0","0","0","0","0","0","0","0"
"Setiap mau mengubah no tlpon selalu gagal, dan akan upgrade ke member clasic slalu tidak bisaa....malah anaeh aplikasi baru jdi menyulitkan jatuhnya.","0","1","0","0","0","0","0","0","0","0","0","0"
"Mantappppppp","1","0","0","0","0","0","0","0","0","0","0","0"
"Apk load.","0","1","0","0","0","0","0","0","0","0","0","0"
"Aplikasinya makin ribet,lebih simple versi lama.Aplikasinya tambah lambat.","0","1","0","0","0","0","0","0","0","0","0","0"
"Proses pemesanan dan pembayaran cepat dan mudah","0","1","0","0","0","0","0","0","0","0","0","0"
"Aplikasi yang baru lemot parah","0","1","0","0","0","0","0","0","0","0","0","0"
"Beberapa hari terakhir jadi lambat banget proses pembayaran sama cek tiketnya, bisa sampai makan waktu 30 sampe 40 menit cuman utk beli tiket, sama 10 menit cmn buat buka e-tiket untung saya masih ke kejar keretanya","0","1","0","0","0","1","0","0","0","0","0","0"
"Setelah update saya tidak bisa masuk aplikasi, kalau memang masih perlu waktu development aplikasi jangan di release dahulu, pakai otp maupun email tetap belum bisa masuk ke aplikasi","0","1","0","0","0","0","0","0","0","0","0","0"
"Setelah update kok malah jadi busuk... Kembalikan ignatua jonan untuk reformasi KAI. Pejabat sekarang gak bisa kerja ya","0","1","0","0","0","0","0","0","0","0","0","0"
"lancar darimana nya, coba login sendiri deh","0","1","0","0","0","0","0","0","0","0","0","0"
"Kok sekarang malah jadi lemot aneh KAI access di uprgred malah makin parah..","0","1","0","0","0","0","0","0","0","0","0","0"
"Knp saya jadi tdk bisa memilih kursi? Btw saya pakai kereta antar kota","0","1","0","1","0","0","0","0","0","0","0","0"
"Verry good","1","0","0","0","0","0","0","0","0","0","0","0"
"kenapa kualitasnya menurun padahal baru di update, saya mau pesan tiket ini mohon segera di perbaiki, saya dari tadi mau pesen kok ga bisa bisa","0","1","0","1","0","0","0","0","0","0","0","0"
"Tampilan yg sekarang bagus dan mudah, sangat nyaman","0","0","0","0","0","0","0","0","1","0","0","0"
"Menurut ku nyebelin ya di saat lg promo tp server nge down jd gak bsa masuk","0","1","0","0","0","0","0","0","0","0","0","0"
"Lemot tidak bisa masuk padahal sedang mepet waktu naik kereta.....","0","1","0","1","0","0","0","0","0","0","0","0"
"TOLONGGGGGGGGG kecepatan aplikasinya ditingkatkan, jangan kayak sekarang masih lemot bangetttt","0","1","0","0","0","0","0","0","0","0","0","0"
"Nggak jelas banget ni aplikasi, ketika di masukan email data nggak kedeteksi, padahal dulu udah daftat dan sering makai juga, tiba2 setelah di perbaharui data tidak terdeteksi oleh sistemnya. Udah tampilan biasa aja bermasalah pula, udah coba install ulang tetap aja kayak gitu. Bagusan yang sebelumnya, karena yang sekarang lebih ribet pula mesan tiketnya.","0","1","0","1","0","0","0","0","0","0","0","0"
"setelah tampilan di ganti otomatis,,knp ga bisa di bka ya,,utk tiket yg sudah saya pesan bln september tdk bisa di lihat kode boking nya,,mohon solusi nya","0","1","0","1","0","0","0","0","0","0","0","0"
"Setelah update yang terbaru tampilan oke, tapi kualitas menurun banget. Load lama pas buka app, atau pas mencet menu, pas mau ke pembayaran juga load lama banget, pembayarannya sempet gagal. Kita butuh cepet, simple, dan mudah. Ga butuh yang tampilan modern banget atau ala ala anak muda tapi performanya kurang gini apalagi buat yang kebutuhannya setiap hari.","0","1","0","1","0","0","0","0","0","0","0","0"
"Secara tampilan oke, masalah sistem jauh sama yang lama. Lemot banget min, kukira jaringan yg lemot ternyata bukan sampe restart hp berkali-kali Mau pesen malah jadi seribet ini. Mending yang lama","0","1","0","0","0","0","0","0","0","0","0","0"
"lebih buruk dari aplikasi sebelumnya, aplikasi baru walaupun tampilannya bagus, tapi sangat lamban dan sering error, kita yang butuh tiket cepat jd terhambat.","0","1","0","1","0","0","0","0","0","0","0","0"
"semenjak update jadi berat tampilan ui juga ga nyaman","0","1","0","0","0","0","0","0","0","0","0","0"
"Setelah update jadi lemot, untuk buka aplikasinya aja lamaa bgt, tampilan antarmukanya bagusan yang sebelumnya. Tolong di perbaiki","0","1","0","0","0","0","0","0","0","0","0","0"
"Tampilan baru malah semakin buruk..semakin lemot!","0","1","0","0","0","0","0","0","0","0","0","0"
"Menyebalkan, tampilan terbaru aplikasi jelek. Tiba2 log out, mau log in lagi susah, sudah dua kali instal ulang","0","1","0","0","0","0","0","0","0","0","0","0"
"aplikasi gajelas, udah bener kemaren, malah update, masuk kaga bisa, otp ga keluar keluar. bagus sih bagus tampilannya, tpi klo akun gbisa masuk buat apa?","0","1","0","0","0","0","0","0","0","0","0","0"
"Jadi ga ramah tampilan user interface nya","0","0","0","0","0","0","0","0","0","1","0","0"
"tampilan baru kirain aplikasi tambah bagus eh ternyata makin jelek, ga bisa login lagi katanya idnum already exist, kalo kayak gini gimana mau pesan tiketnya lagi?jadi ga guna aplikasinya","0","0","0","1","0","0","0","0","0","0","0","0"
"Tampilan emang have fun and youth. Fasilitas lebih banyak tapi masih belum berfungsi. Tapi namanya jadi tidak spesial. Orang lebih mudah mencari KAI dari pada Access. Nama Kai Access lebih keren dan spesial menunjukkan identitas aplikasi pesan tiket kereta api. Lah kalo ACCESS ini maknanya apa? Revamp ya revamp. Tapi gak jadi lebih aneh gitu. Jadi inget bikin stasiun tapi lupa buat jalan akses. Kan aneh. Mmm mungkin mau buat kayak LIVIN by mandiri","0","1","0","1","0","0","0","0","1","0","0","0"
"Tampilan barunya malah bikin bingung","0","0","0","0","0","0","0","0","0","1","0","0"
"Tampilan Baru Dari KAI Access, Tampilan Yng User Frandly, Walau Masih Sedikit Bug, Semoga Dengan Tampilan Baru Lebih Satset dan Mudah Dalam Memesan Tiket, Dan Yang Paling Penting Banyak Metode Pembayrannya.","0","0","0","1","0","0","0","0","0","0","0","0"
"tampilan ok pemesanan cepat lgsung dapat","0","0","1","0","0","0","0","0","1","0","0","0"
"Lagi capek-capeknya idup liat ini tambah capek || Access by KAI Di update tampilannya malah bikin terkecohhðŸ˜®â€ðŸ’¨dikira masihh ada ternyata harus dibuka dulu biar bisa liat tiketnya masih ato uda abis ðŸ« lebih ribet ga sii menurutku ya.. Jangan di judge karna pendapat orang bedaÂ² ðŸ˜†","0","1","0","1","0","0","0","0","0","0","0","0"
"Update malah jadi gk jelas tampilanya. Logo tidak mencerminkan KAI(Kenapa yang digedin malah tulisan ACCESSnya daripada KAI ??). Tampilan pemilihan kereta jelek banget, ngikut2 OTA. Mending balikin yang lama aja kelihatan gede nama kereta & harganya.","0","1","0","0","0","0","0","0","0","0","0","0"
"Tampilan emang bagus. Tapi loading nya jadi lemot. Bagusan yang dulu min. Yang sekarang info makin lengkap tapi aplikasii makin lemot","0","1","0","0","0","0","0","0","0","0","0","0"
"Bagus sih ada beberapa bagian menu yg bukanya cepat. Tapi sering log out dan sulit masuk ke app lagi. Bahkan hari ini ter log out tp gak bisa log in lagi.Mungkin kedepannya ada opsi pembayaran Comuter selain pakai KAIPay. Mohon app nya segera diperbaiki.","0","1","0","0","0","0","1","0","0","0","0","0"
"Sudah update bukannya makin bagus malah jadi semakin membuat emosi, saat pembayaran menggunakan e wallet jadi susah sekali, password ovo yang saya punya tidak bisa muncul dan dikatakan pembayaran gagal padahal saya sudah update ovo, kesel banget.... Lebih bagus kai access versi lama..","0","1","0","0","0","1","0","0","0","0","0","0"
"Fitur KAI pay ada scan qr tapi tidak berfungsi apa apa, tidak bisa untuk pembayaran scan qr. Saya yang salah atau aplikasinya yang salah ya, padahal ads saldo lumayan disitu, sisa dari pembelian tiket.","0","0","0","1","0","0","0","1","0","0","0","0"
"Aplikasi nggk banget, secara dulu waktu untuk pembayaran selama 10 Menit. Sekarang setelah di Update bukannya malah membaik malahan sering terjadi error ketika akan melakukan pembayaran, bahkan untuk waktunya sekarang di persingkat hanya 30 detik. Tidak worth it bagi pengguna Hp yang di rasa dengan proses loading yang cukup lama... ðŸ˜ŠðŸ˜„","0","1","0","0","0","1","0","0","0","0","0","0"
"Setelah diperbarui aplikasinya jadi lemot dan tidak bisa dipakai, mau masuk akun saja susah sekali dan pesan tiket pun susah sekali, mau bayar pakai QRIS gaga terus karna kode tidak terdeteksi.","0","1","0","0","0","0","0","0","0","0","0","0"
"Udah satu jam lebih beli tiket tapi muter trus loding. Kalo loding pembayaran nya jangan kasih waktu.. ulang lagi ulang lagi waktu kadaluarsa karena loding","0","1","0","0","0","1","0","0","0","0","0","0"
"Apk sering error aneh udah update malah rasanya kayak downgrade sering tidak bisa pembayaran melalui qris sering gagal udak top up dana, link aja, ovo, tetep tidak bisa aneh banget qris nya sering gagal sampe uang habis cuma buat top up apk"" tersebut tatapi tidak berguna. Sama apk nya lemot banget badahal sinyal kenceng hp juga spek lumayan. Aneh banget dah apk nya","0","1","0","0","0","1","0","0","0","0","0","0"
"Setelah update aplikasi kok malah tambah lemot...saya udh pesan tiket kereta dan udh saya bayar lunas,tpi kenapa ga ada tiket yg keluar di aplikasi ny??? Coba saya cek di histori pemesanan malah zonk ga ada tiket muncul.. Tolong aplikasiny disempurnakan,uang saya udh terlanjur masuk soalny","0","1","0","1","0","0","0","0","0","0","0","0"
"Aplikasi jelek,udah isi saldo buat beli tiket, udah masuk ke pembayaran ,saldonya kosong tiketnya gak ada,gimana siii","0","1","0","0","0","1","0","0","0","0","0","0"
"Cara bayarnya yg ribet ,dulu tinggal byar di link sekarang yg ada cm ovo sama qris","0","1","0","0","0","1","0","0","0","0","0","0"
"Ini knp kok gak bisa bayar pake link aja","0","0","0","0","0","1","0","0","0","0","0","0"
"Setelah di upgrade jd susah mesen tiketnya, sering pesan dengan metode pembayaran link aja ,pdhl di hp udah terpasang aplikasinya tp disuruh download","0","1","0","1","0","1","0","0","0","0","0","0"
"Habis update malah tambah lemot banget, mau pembayaran gabisaÂ² Lebih enak aplikasi sebelum update Kai acces gak asik","0","1","0","0","0","1","0","0","0","0","0","0"
"Kesulitan untuk pembayaran via QRIS. Padahal aplikasi sebelum di-update aman tanpa kendala. Error.","0","0","0","0","0","1","0","0","0","0","0","0"
"Maaf untuk update terbaru malah jadi lemot baik itu mau masuk home dan pencarian tiket serta pembayaran. Dan saya ketika sudah pesan tapi ternyata ke cancel sendiri","0","1","0","0","0","1","0","0","0","0","0","0"
"Struk dilogo abis di upgrate malah ngebug terus , lola banget , sedih banget sekalinya udah bisa pas mau bayar gabisa","0","1","0","0","0","0","0","0","0","0","0","0"
"Setelah update, aplikasi sering bermasalah. (1) Tidak bisa login ke aplikasi setelah pengisian kode otp karena selalu loading sehingga harus menunggu di block 1 jam karena terlalu sering masukkan kode otp (2) ingin melakukan pembayaran melalui QRIS namun kode QRIS tidak kunjung muncul sehingga tidak bisa bayar tiket (3) jenis kelamin sudah diubah namun setelah direfresh kembali lagi ke jenis kelamin yang salah (tertukar antara laki dan perempuan) untuk semua penumpang.","0","1","0","1","0","1","0","0","0","0","0","0"
"Aplikasinya susah dibuka...masa mau pesan tiket aja sekarang jadi susah banget utk dibuka....klo orang lagi butuh cepat gk kepake banget deh ....soalnya saya mau order, tapi selalu gagal log in","0","1","0","0","0","1","0","0","0","0","0","0"
"Berusaha buat ga update new version kai access tp malah otomatis update. Kesel bgt aslikk, lebih mudah digunakan aplikasi yg lama. Aplikasi dgn update terbaru terlalu lemot, pesan tiket terlalu banyak langkah. Maaf kai access â­1 dulu.","0","1","0","0","0","0","0","0","0","0","0","0"
"waktu pemesanan habis terus, pembayaran terganggu, aplikasi lemot, gak bisa ganti kursi penumpang. niat bikin aplikasi apa gak sih ? . email yang saya kirim segera di cek, disitu ada video kendalanya. jangan merespon seperti bot. PESAN TIKET KA LOKAL EROR. TOLONG PERBAIKI","0","1","0","1","0","0","0","0","0","0","0","1"
"Aplikasi di perbaruhi malah kayak sampah, nomer gerbong gak kliatan kan malah bikin runyam.. padahal pas pesan ada aneh aneh.. ini orang IT dev BUMN kog gini amat mempekerjakan manusia wkwkwk","0","1","0","0","0","0","0","0","0","0","0","0"
"Makin lemot, tambah di upgrade malah gak bs pesan tiket","0","1","0","1","0","0","0","0","0","0","0","0"
"Aplikasi semakin lambat,pas pesan tiket malah tidak bisa alias ada kesalahan.klo udh pake hospot br bisa ,tetap susah di bagian pembayaran ,apk yg dulu bisa pake link skr cuma ovo,dulu bisa pake spay,skrg kaga bisa.bintang 1 .mending pake apk yg lama saja","0","1","0","0","0","1","0","0","0","0","0","0"
"Apliksh yang terbaru ini susa. Untuk pesan tiket,di cek kursi ada tapi pas di klik,gak bsa2 buat pesan. Tlong di perbaiki lagi.","0","1","0","1","0","0","0","0","0","0","0","0"
"Mohon maaf bertanya tidak bisa upgrade.mhn pencerahan..bgm ini malah tidak bisa pesan tiket","0","1","0","1","0","0","0","0","0","0","0","0"
"Update semakin susah buat pesan tiket.","0","1","0","1","0","0","0","0","0","0","0","0"
"Baru di update malah tambah kacau ,lemot sering bug, pesan tiket lokal belum pernah berhasil, yg ada ""pesanan sudah kadaluarsa harus pesan lagi "" Begitu seterusnya","0","1","0","1","0","0","0","0","0","0","0","0"
"Aneh...lemot...mempersulit... Jadi sulit mau pesan tiketnya","0","1","0","1","0","0","0","0","0","0","0","0"
"Setelah update malah seperti kurang simpel,kalau mau lihat tiket yg tersedia harus klik dulu karena yg tertera hanya harga terendahnya tp blm tentu harga itu yg tersedia padahal di versi sebelumnya kita tinggal scroll saja,isian stasiun hrs isi ulang lg setelah keluar padahal diaplikasi sebelumnya tdk hilang,untuk pilihan antarkota dan lokal harus klik back dulu padahal sebelumnya tinggal klik disebelahnya saja..untuk pesan tiket jd makin lama krn banyak yg hrs di klik..","0","1","0","1","0","0","0","0","0","0","0","0"
"Aplikasi kok rumit merepotkan, mau pesan tiket mesti upgrade member basic, diipgrade sdh legkap informasinya gagal trs!","0","1","0","1","0","0","0","0","0","0","0","0"
"Tampilan baru tapi kualitan buruk syekali ,mau masuk aja susah gimna mau mesen tiket .. Gimana sih ? Ini kan mau plg kerja susah mana gak bisa beli karcis langsung ribet bgt deh","0","1","0","1","0","0","0","0","0","0","0","0"
"MANTAP deh.....ðŸ˜ðŸ‘ðŸ‘ðŸ‘ Tampilan baru bikin senam jantung 1 jam loading, padahal 1 jam kedepan harus naik kereta Akhirnya aplikasi tidak bisa di buka, masih loading & bisa masuk sebutkan nama ðŸ˜ðŸ‘ keren bingitttt Terimakasih sudah bikin SENAM JANTUNG... MERDEKA","0","0","0","1","0","0","0","0","0","0","0","0"
"Waduh ko malah jadi lemot gini dengan tampilan baru, tolong cepat di perbaiki aplikasi Access by KAI nya pak Direktur, mau pesen tiket aja Gagal terus gimana ini bisa bisa ga bisa naek kereta berangkat kerjanya.","0","1","0","1","0","0","0","0","0","0","0","0"
"Ternyata tidak sepenuhnya memudahkan proses boarding, tetap diminta KTP untuk pengecekan. Apa gunanya kita mengisi data pribadi saat buat akun kalo hanya bikin ribet cek KTP? Aplikasi tidak berguna...ðŸ¥±ðŸ¥± Tambahan tampilan juga bikin ribet kalo mau pilih kereta, beda dengan aplikasi sebelumnya, jadi menyesal upgrade ke Access kaiðŸ¥±ðŸ¥±","0","1","0","0","0","0","0","0","0","1","0","1"
"Wahh tampilan nya sekarang ok banget. Cuma sayang metode pembayaran masih dibatasi kartu debit mandiri sama OVO. Mohon tambahin dong ewallet Gopay dan DANA. Terus debit BRI, Mandiri, sama BCA.","0","0","0","0","0","1","0","0","0","0","0","0"
"Sejauh ini mudah digunakan dengan tampilan access baru, tapi tolong diperbaiki tampilan kai antarkota ngga bisa diklik dibagian bawahnya krn tampilannya ngga full dan aplikasi sering berhenti sendiri, terima kasih atensinya, mohon segera dilakukan perbaikan sehingga bisa pesan tiket antarkota dgn mudahðŸ™","0","0","0","1","0","0","0","0","0","0","0","0"
"Ki diupdate tampilan e nyar apik2 lakok ra kenek dibuka pye to ki min","0","1","0","0","0","0","0","0","0","0","0","0"
"Update aplikasi kok malah jd bikin susah, tampilannya bikin pusing tambah repot lg scan barcode qris ga bs di download terus.. masa harus pake 2 hp.. kecewaaa ðŸ˜“ðŸ˜“","0","1","0","0","0","0","0","0","0","1","0","0"
"Bagus lebih cepat lebih baik","1","0","0","0","0","0","0","0","0","0","0","0"
"Tampilannya bagus, tapi saat mau masuk ke aplikasi lamanya mbuat emosi banget","0","1","0","0","0","0","0","0","1","0","0","0"
"mantaap","0","0","0","0","0","0","0","0","0","0","1","0"
"lebih buruk dari aplikasi sebelumnya, aplikasi baru walaupun tampilannya bagus, tapi sangat lamban dan sering error, kita yang butuh tiket cepat jd terhambat.","0","1","0","1","0","0","0","0","0","0","0","0"
"aplikasi buatan negri memang terbaik waktu buka aplikasinya juga cepet banget gak pakek loading terbaik emang buatan anak negeri","1","0","0","0","0","0","0","0","0","0","1","0"
"Ui ux elit, backend sulit","0","1","0","0","0","0","0","1","0","0","0","0"
"Ga bisa diapa""kan nih aplikasi wkwkwk.. buka aja syusah bagus penampilan, buruk dalamnya","0","1","0","0","0","0","0","1","1","0","0","1"
"Yang baru lucu tapi lemot parah.","0","1","0","0","0","0","0","0","1","0","0","0"
"Tampilan memang bagus setelah di update tetapi kulitas aplikasi lebih baik versi sebelumnya","0","1","0","0","0","0","0","0","1","0","0","0"
"Sangat baik","1","0","0","0","0","0","0","0","0","0","1","0"
"Kini Versi Terbaru Access By KAI Jauh Lebih Baik Daripada Versi Sebelumnya, Lebih Modern Dan Colorful, Saran Saya Tambahkan Beberapa Fitur Lain Dan Perbaiki Beberapa Bug Yang Masih Ada, Maju Terus KAI!!","0","0","0","0","0","0","0","1","0","0","0","0"
"Tampilan jadi semakin bagus. sebelum di Update sering Lemot, setelah di Update untuk akses ke semua Fitur lancar jaya. Fitur untuk Commuter Line lebih lancar dibandingkan via aplikasi C Acces.","0","1","0","0","0","0","0","0","0","0","0","1"
"pakai aplikasi sangat membantu banget bisa mesan tiket dari jauh hari ðŸ˜ŠðŸ˜ŠðŸ˜Š","1","0","0","0","0","0","0","0","0","0","1","0"
"alhamdulilah beberapa kali perjalanan pesan tiket lewat apk ini lancar jaya tanpa ada kendala apapun. Dan di loket cekin cukup menunjukkan barkot di tiket online aja tanpa perlu mencerak/print dulu. Semoga semakin sukses KAI","1","0","0","0","0","0","1","0","0","0","0","0"
"Kereen","0","0","0","0","0","0","0","0","0","0","1","0"
"Updateny bagus,tpi susah skrng dftr kaipayny, udah gitu byar pake kai juga susah","0","0","0","0","0","1","0","0","0","0","0","0"
"penyegaran UI/UX nya sngt membantu sekali, teruss tingkatkan pelayanan dan pengembangan aplikasi, selalu terima masukan dri user jadikan bahan evaluasi agar lbih baik lgi.","0","0","0","0","0","0","0","0","0","0","0","1"
"Kerenn","0","0","0","0","0","0","0","0","0","0","1","0"
"Memudahkan dalam traveling cepat juga pendukung buat yg suka travelling.","0","0","0","0","0","0","0","0","0","0","1","0"
"Aplikasi mudah digunakan,gak ribet mau ganti jadwal pembatalan tiket cukup lewat aplikasi.","0","0","0","0","0","0","0","0","0","0","1","0"
"Good","0","0","0","0","0","0","0","0","0","0","1","0"
"Dapat pesan tiket sambil rebahanðŸ˜‚ , mudah pilih kursi sesuai seleraðŸ˜€","0","0","0","0","0","0","0","0","0","0","1","0"
"Cepat,senyap,simpel......joooooooozzz berangkat..","0","0","0","0","0","0","0","0","0","0","1","0"
"Aplikasi Ini KerenðŸ¤© Jadi Lebih Mudah Deh Pesan Tiket Untuk Bepergian , Semangat Sahabat KAIðŸ¤©","0","0","0","0","0","0","0","0","1","0","1","0"
"ini sudah beli tiket, di cek di akun kai access menu tiket tidak muncul, eror terus, tp kalau mau pesan dan pembayaran lancar..aplikasi kocak","0","1","1","0","1","0","0","0","0","0","0","0"
"Oke kok aplikasinya, semoga semakin ditingkatkan.","0","0","0","0","0","0","0","0","0","0","1","0"
"Membantu sekali, manteb pokoknya","0","0","0","0","0","0","0","0","0","0","1","0"
"The bestâ™¥ðŸ™","0","0","0","0","0","0","0","0","0","0","1","0"
"Setelah update gak ada masalah, login aman, cek fitur lain aman, aplikasi nya lebih smooth. Padahal hpku kentang lho ðŸ¤£","1","0","0","0","0","0","1","0","1","0","1","0"
"Sudah sesuai harapan.","0","0","0","0","0","0","0","0","0","0","1","0"
"Aplikasi lebih ringan , dan mudah untuk digunakan ,juga penambahan fiturnya lengkap","1","0","0","0","0","0","1","0","0","0","1","0"
"Setelah update audah bisa aktivasi... Good job... ðŸ‘ðŸ‘","1","0","0","0","0","0","0","0","0","0","1","0"
"Update baru, memuaskan","1","0","0","0","0","0","0","0","0","0","1","0"
"Keren si ini, nyaman aplikasinya. Serig pesen tiket lewat pake aplikasi KAI acces","0","0","1","0","0","0","0","0","0","0","1","0"
"Mantap min, sudah bisa beli tiket commuter lewat kai acces makin mempermudah pengguna yeay, terimakasih ðŸ™ðŸ‘","0","0","1","0","0","0","0","0","0","0","1","0"
"Tampilan jauh lebih baik dengan fitur unggulan terbarunya yang menarik, thanks kai aplikasinya bagus dan lancar tdk ada trouble","1","0","0","0","0","0","1","0","1","0","0","0"
"Thanks tampilan baru lebih intuitif","0","0","0","0","0","0","0","0","1","0","0","0"
"Lebih mudah memakai aplikasi ini untuk pergi jauh dan tidak perlu repot2 ngntri lbh cepat jg","0","0","0","0","0","0","0","0","0","0","1","0"
"Sepertinya ada yang keliru dalam pengaturan batas waktu pembayaran, Ketika akan melakukan pembayaran menggunakan KAI pay maupun QRIS LinkAja batas waktu pembayaran yang tertera 00:-51:00 sehingga memunculkan notifikasi error 'kadaluwarsa, waktu pemesanan anda telah habis' langsung setelah kami klik 'bayar' Mohon segera diperbaiki","0","1","0","0","0","0","0","0","0","0","0","0"
"Beli tiket KRL jangan cuma pakai KAI Pay dong, lebih baik pakai QRIS yang bisa semua bank, jadi nggak perlu top up ewallet baru lagi","0","1","0","0","0","0","0","0","0","0","0","0"
"Terpercaya","0","0","0","0","0","0","0","0","0","0","1","0"
"Bagus lancar.","0","0","0","0","0","0","0","0","0","0","1","0"
"KAI PANCEN OKE...","0","0","0","0","0","0","0","0","0","0","1","0"
"Cukup membantu dalam mencari informasi mengenai jadwal KA dan promo","0","0","0","0","0","0","1","0","0","0","1","0"
"Terimakasih apk nya sangat membantu ðŸ¤©","0","0","0","0","0","0","0","0","0","0","1","0"
"Bagus lancar dan pemuda kita untuk pesan tiket","0","0","1","0","0","0","0","0","0","0","1","0"
"Terima kasih, akhirnya bisa terupdate juga, tampilan UI nya mengkeren dari sebelumnya ðŸ‘","1","0","0","0","0","0","0","0","0","0","1","0"
"Aplikasinya sdh bagus hanya saja saat pilih kursi tdk akses pakai pembaca layar talk back buat tuna netra Kala pilih kursi masih bagus aplikasi lama tampilan pilih kursi tersedia atau terisinya","0","1","0","0","0","0","0","1","0","0","1","0"
"Sementara saya kasih bintang 2, apknya memang udah good nice. Akan tetapi saat pembayarannya rada ribet. Mohon dong E-wallet spt GoPay dan Dana diadakan dong, sehingga saat pembayarannya tidak ribet. Terus E-Banking, pada saat transaksi ada kendala juga. Mohon ditingkatkan layanannya, sehingga konsumen nyaman.","0","1","0","0","0","1","0","0","0","0","0","0"
"Update terbarunya keren makin simple dan satset udah ada semua","1","0","0","0","0","0","0","0","0","0","1","0"
"Memudahkan konsumen,menyingkat waktu","0","0","0","0","0","0","0","0","0","0","1","0"
"Sangat memudahkan alkamdulillah","0","0","0","0","0","0","0","0","0","0","1","0"
"Bagus nih, tampilan enak diliat, tapi di gua gak lemot kok tampilannya, enteng juga apk nya ga berat","1","0","0","0","0","0","0","0","1","0","1","0"
"Nicee","0","0","0","0","0","0","0","0","0","0","1","0"
"Solusi pembelian tiket kereta api yang mudah","0","0","0","0","1","0","0","0","0","0","0","0"
"Behhhhh mantap,kalo bisa ada fitur yang bisa ngecek jalur nya bisa kek stasiun apa ajah kaya,serang bisa jalur stasiun Cilegon,pasir putih dhh kek gitu lah","0","0","0","0","0","0","0","0","0","0","1","0"
"Sangat bermanfaat mudah sekali untuk memesan tiket kereta dibanding pake apk tiket online yang lain","0","0","1","0","0","0","0","0","0","0","1","0"
"Aplikasinya mempermudah dan bagus","0","0","0","0","0","0","0","0","1","0","1","0"
"Apk nya ngebantu bangettt apalagi kalo misalkan lagi butuh cepettt tiket kereta, ditambah lagi bisa order makanan via apk juga","1","0","0","0","0","0","1","0","0","0","0","0"
"kualitasnya lebih baik untuk baru di update, saya mau pesan tiket juga makin mudah sudah tidak eror dan lemot","1","0","0","0","0","0","0","0","0","0","1","0"
"Updetan versi terbaru bner2 makin bagus deh dah gaLemot banget, sanagat memudhakan daripada versi lama","1","0","0","0","0","0","0","0","0","0","1","0"
"Setelah diupdate , aplikasinya makin lancar ga lemot","1","0","0","0","0","0","0","0","0","0","0","0"
"Sejak diupdate malah makin mudah Aplikasinya ga lemot lagi. mudah sekali ketika cek tiket dan ketika menyelesaikan step by step setelah isi data penumpang. Update terbaru ini sangat membantu saya puas","1","0","0","0","0","0","1","0","0","0","1","0"
"baru tau kai access ada pembaruan. pas mau pesen tiket aplikasinya lancar banget","1","0","1","0","0","0","0","0","0","0","0","0"
"Mudah, lancar pembayarannya....yg tdk punya atm ,bisa melalui indomart,alfamart.....mantap","0","0","0","0","1","0","0","0","0","0","0","0"
"Setelah update palah makin baik.. Apk ringan lancar tidak lemot","1","0","0","0","0","0","0","0","0","0","0","0"
"Lancar bettt","0","0","0","0","0","0","0","0","0","0","1","0"
"Setelah update jadi mudah buat login, ga butuh waktu yang lama untuk login. Keren nih app terupdatenya","1","0","0","0","0","0","0","0","0","0","1","0"
"Makin di upgrade makin lancar pesen tiket juga makin mudah, tapilan nya juga lebih mordern suka bgt lebih fress","0","0","1","0","0","0","0","0","1","0","0","0"
"Abis tak update tampikan baru malah makin bagus dan jadi makin lancar, mw cari tiket juga gampang","1","0","0","0","0","0","0","0","1","0","0","0"
"Semakin memberikan kemudahan customer update an yg baru ini. Bintang 5 buat update an terbarunya kai udah ga lemot lagi jadi jos mantp is the best lancar jaya. Lebih suka aplikasi terbaru ini karena mudah dimengerti oleh customer/pengguna","1","0","0","0","0","0","1","0","0","0","0","0"
"Versi baru lebih ga lemot ... loadingnya ga pke lama buat akses masuk aplikasinya, pindah"" menu jg ga lemot","1","0","0","0","0","0","0","0","0","0","0","0"
"Sudah bagus fitur lama. Sekarang mau melakukan pemesanan tidak dapat mengakses terus.","0","1","0","1","0","0","0","0","0","0","0","0"
"Diperbarui malah lebih baik & malah memudahkann. Mau upgrade ke basic pake akun yang lama mudah lancar jaya langusugn bisa. Bintang 5","1","0","0","0","0","0","0","0","0","0","1","0"
"UI klo belom mateng gausa di launching","0","1","0","0","0","0","0","0","0","0","0","1"
"Sangat lancar buat pesen tiket kereta, bookng hotel juga bisa lewat kai sekrang","0","0","1","0","0","0","0","0","0","0","1","0"
"Di upgrade tambah satset","1","0","0","0","0","0","0","0","0","0","0","0"
"Ga nyesel upgrade ke versi baru, awalnya berkali2 coba masuk tetep aja g bisa login setelh upgrade mudah login","1","0","0","0","0","0","0","0","0","0","1","0"
"byk promonya jg ni abis di perbarui pesen tiket dpat harga promo kan jadi enak ya","0","0","1","0","0","0","0","0","0","0","1","0"
"Aplikasi aman lancar jaya & Membuat Pelanggan KAI Semakin mudah Dengan Update Ini.","1","0","0","0","0","0","0","0","0","0","1","0"
"Diperbarui makin bagus, lancar trus fiturnya juga banyak dan lengkap jadi pesen tiket kereta bisa seklain pesen hotel beli kuota internet juga","0","0","1","0","0","0","1","0","0","0","1","0"
"app nya mudah untuk diakses mau cari dan pesen  tiket juga mudah","1","0","1","0","0","0","0","0","0","0","0","0"
"setelah di upgrade malah jadi lancar. aplikasi nya buka jadwal/pembayaran malah jadi lebih cepet","1","0","0","0","0","0","1","0","0","0","0","0"
"Otomatis terupdate, versi baru memudahkan, lebih lancar. Mau pesan tiket jadi mudah kearena saya PP kerja naik commuter","1","0","1","0","0","0","0","0","0","0","0","0"
"Aplikasi baru alhamdulillah.... lancar Mau pesen tiket ka lokal jadi lebih gampang","0","0","1","0","0","0","0","0","0","0","1","0"
"Ko tiba tiba update kaget ama logo dan mana barunya tapi jadi makin lancar sihh","1","0","0","0","0","0","0","0","0","0","0","0"
"Setelah update jadi lancar, tapi tampilan antarmukanya bagusan yang sebelumnya","1","0","0","0","0","0","0","0","0","1","0","0"
"GOOD buat pemerintah apk kai terbru kualitasnya bagus cepet jg","1","0","0","0","0","0","0","0","0","0","1","0"
"Kualitas semakin menurun. Sebaiknya lebih diperbaiki lagii","0","1","0","0","0","0","0","0","0","0","0","0"
"Biasanya lemot poll...tapi setelah update malah lancar teros","1","0","0","0","0","0","0","0","0","0","0","0"
"semenjak update aplikasi jd ringan dan lancar bet","1","0","0","0","0","0","0","0","0","0","0","0"
"Habis di update jadi mudah diakses, bagus versi terbaru daripada sebelumnya kaga lemot","1","0","0","0","0","0","0","0","0","0","1","0"
"Aplikasinya tidak familiar, mending yang lama","0","0","0","0","0","0","0","0","0","0","0","1"
"sangat tidak ramah untuk penggunaan pembelian tiket harusnya cuman isi data diri ,pilih kursi, langsung bayar sekarang ada pembelian makanan , tiket transportasi dll sangat menganggu proses transaksi harusnya di pisah dari tools utama yaitu pembelian tiket jangan di selipi untuk pesan makanan maupun akomodasi transportasi. terimakasih","0","0","0","0","0","0","0","1","0","0","0","0"
"Lancar banget... Mau melakukan pembayaran juga gamapng","1","0","0","0","1","0","0","0","0","0","0","0"
"Lebih suka tampilan app yg dulu","0","0","0","0","0","0","0","0","0","1","0","0"
"Sudah tidak ada kendala lagi buat pesen tiket kereta pake aplikasi kai ini jadi makin mudah dan cepet","1","0","1","0","0","0","0","0","0","0","0","0"
"baru di update apknya lancar terus, ga bikin nggu makin lama","1","0","0","0","0","0","0","0","0","0","0","0"
"Iya sih makin lancar tapi aplikasi yang baru tidak efektif dalam pemilihan kursi. Tampilan kursi mending di aplikasi yang lama lebih efektif dan efisien","1","0","0","0","0","0","0","1","0","0","0","0"
"Update otomatis, biasa nya tiket kereta yang sudah habis ga ditampilin ini yang sudah habis ditampilin kirain masih tersedia","0","0","0","0","0","0","1","0","0","0","0","0"
"Diupdate jdi makin lancar, tak kasih bintang 5 deh buat aplikasi ini","1","0","0","0","0","0","0","0","0","0","1","0"
"Jarang banget ngasi Ulasan gini, tp ini fix super lemot banget, kukira semakin baik, eh cuma tampilannya doang, masa mau buka apk aja lemot poll, kalo kek gini, kan gak bisa bur"" buka pas mau scan barcode ya","0","1","0","0","0","0","0","0","1","0","0","0"
"Aplikasinya Lebih bagus daripada sistem yang lama","0","0","0","0","0","0","0","0","0","0","1","0"
"Masih bagus yang lama. Setelah di-update malah bobrok","0","0","0","0","0","0","0","0","0","0","0","1"
"Ada pembaruan bukannya tambah oke malah buruk","0","0","0","0","0","0","0","0","0","0","0","1"
"Malah semakin bagus dan lancar banget aplikasi nya di versi terbaru ini...","1","0","0","0","0","0","0","0","0","0","1","0"
"sat sett ","1","0","0","0","0","0","0","0","0","0","0","0"
"Aplikasi setelah update justru gak jelas, semakin ribet!!","0","0","0","0","0","0","0","0","0","0","0","1"
"Performany sedikit lebih baik darisebelumnya,,,,","1","0","0","0","0","0","0","0","0","0","0","0"
"tampilan baru makin luncarr","1","0","0","0","0","0","0","0","0","0","0","0"
"lancar banget tdk kendala wktu mau pembayaran malah jadi efektif","1","0","0","0","1","0","0","0","0","0","0","0"
"Setelah upgrade kok malah susah banget ya masuk aplikasinya..semoga segera di benahi aplikasi ini.","0","0","0","0","0","0","0","0","0","0","0","1"
"Mau naik kereta api bookingnya makin mudah, aplikase lancar.. ","1","0","0","0","0","0","1","0","0","0","0","0"
"KAI access yang udah di update ga banyak errornya udah lancar juga","1","0","0","0","0","0","0","0","0","0","0","0"
"Udah normal apanya, ini aku mau masuk suruh masuk pakai email lagi. Bad bgt KAI access yg baru, menyulitkan customer.","0","0","0","0","0","0","0","0","0","0","0","1"
"Aplikasi sangat tidak rekomendasi. Harusnya kan pake palikasi supaya praktis ini malahan menjadi buangÂ² waktu dan gak bisa dipake. BenerÂ² gak efisien waktu. Tolong dong IT KAI diperbaiki.","0","1","0","0","0","0","0","0","0","0","0","1"
"PP kerja pake ka diupdate ini malah lancar, saya pelanggan setia kai jdiin aku BA dong ehehe","1","0","0","0","0","0","0","0","0","0","0","0"
"Update malah tambah lancar","1","0","0","0","0","0","0","0","0","0","0","0"
"lancar bgt...","1","0","0","0","0","0","0","0","0","0","0","0"
"Tampilan baru malah semakin buruk..","0","0","0","0","0","0","0","0","0","1","0","0"
"keren kok, aq suka","0","0","0","0","0","0","0","0","0","0","1","0"
"Habis di upgrade lancar bgt. ga nyesel update, mungkin kalo masih lemot update aha","1","0","0","0","0","0","0","0","0","0","0","0"
"Aplikasiny sudah lancar kok guys yagn versi bru ini, abis update tadi aku pesen tiket dan bayar pke ovo sampe liat e-boaridngnya lancar","1","0","0","0","0","0","0","0","0","0","0","0"
"Di upgrade harusnya lebih bagus, ini malah jadi ribet. Padahal yang sebelumnya udah user friendly.","0","0","0","0","0","0","0","0","0","0","0","1"
"Setelah aplikasi diupdate semakin lancar bgt. Sangat memudahkan.....","1","0","0","0","0","0","0","0","0","0","1","0"
"Semenjak update jadi tidak berat tapi tampilan ui nya saya ga nyaman","0","0","0","0","0","0","0","0","0","1","1","0"
"Emang boleh selancar ini????","1","0","0","0","0","0","0","0","0","0","0","0"
"Tolong ini aplikasi nya banyak banget gangguannya. Please fix","0","0","0","0","0","0","0","0","0","0","0","1"
"Di Update Bukan Nya Makin Bagus , malah Makin Buriq","0","0","0","0","0","0","0","0","0","0","0","1"
"Di update bukannya makin bagus malah makin buruk. Tidak se simpel praktis dulu. Banyak iklan.","0","0","0","0","0","0","0","1","0","0","0","1"
"Bagus.... benr2 bagus baik performa & tampilan","1","0","0","0","0","0","0","0","1","0","0","0"
"Jauh lebih bagus performany....","1","0","0","0","0","0","0","0","0","0","0","0"
"SATSET banget aplikasinya,bisa buat buruÂ² liat jadwal kereta. Masih mending aplikasi yang sekarang daripada yang dulu","1","0","0","0","0","0","0","0","0","0","0","0"
"Sudah byk plusnya daripada yang lama metode pembayaran jg banyk beli tiket k.a jadi sangat mudah bgt lacar jg","0","0","0","0","1","0","0","0","0","0","1","0"
"Aplikasi KAI gapernah bener emang, gimanasih tim IT-nya nih ah elah","0","0","0","0","0","0","0","0","0","0","0","1"
"baru update malah ngga jelas","0","0","0","0","0","0","0","0","0","0","0","1"
"Dalam proses pemesanan tiket lebih mudah dan tdk memakan waktu memakan wkatu lama lebih baik daripada versi yang dulu","0","0","1","0","0","0","0","0","0","0","1","0"
"Update nya bagus, bagus bgt, apalagi tampulannya jadi lebih baru ","0","0","0","0","0","0","0","0","1","0","1","0"
"Shapppp bos udah lancar kok","1","0","0","0","0","0","0","0","0","0","1","0"
"Pembayaran ga ribet pake kaipay makin mempermudah user kai buat pesen tikt sih ini fiturbarunya satset parah lagi","1","0","0","0","1","0","1","0","0","0","0","0"
"Aplikasi terupdate otomatis, tapi terupdate bukannya lebih baik menurutku lebih susah si, enak yang kemaren, jadi g tambah flexible, ayo balik kayak kemaren aja donk","0","0","0","0","0","0","0","0","0","0","0","1"
"Udah update versi terbaru tampilanya GEMESSSSS banget sukaa malah lancarr banget juga","1","0","0","0","0","0","0","0","1","0","0","0"
"Tidak megnecewakan siii setelah di update malah satset parah. Ada prommo kemerdekaan jgu sangat membantu sekali tengkyu kai","1","0","0","0","0","0","1","0","0","0","0","0"
"aplikasi g guna, klo g bisa meng operasikan aplikasi mending offline aj, malah di tiadakan offline","0","0","0","0","0","0","0","1","0","0","0","1"
"Gini dong lancar severny yg kemaren kok koneksinya timeout terus,    kalo diplikasi yg baru bisa sat set pesen tiket","1","0","0","0","0","0","0","0","0","0","1","0"
"jadi ngga bisa cek jadwal krl, aplikasi malah jd lebih rumit, simple yg versi lama","0","0","0","0","0","0","0","1","0","0","0","0"
"kalau sistem belum selesai harusnya jangan publikasi malah jadi repot","0","0","0","0","0","0","0","0","0","0","0","1"
"Update bukannya mempermudah malah mempersulit. Aneh","0","0","0","0","0","0","0","0","0","0","0","1"
"Setelah di update jadi lebih baik ngga zonk lagi baik dari performa fitur""nya dll. tampilan dan pengoperasian jugalebih efisien versi terbaru sumpah, versi lamanya nyebelin. Aneh","1","0","0","0","0","0","1","0","1","0","0","0"
"Apk terbaru kebanyakan menu","0","0","0","0","0","0","0","1","0","0","0","0"
"Yang saya rasakan lebih bagusan yang sekarnag daripada yang dulu, soalnya abis di upgrade aman lancar jaya","1","0","0","0","0","0","0","0","0","0","1","0"
"Aplikasi yang terupdate sekarng makin lancar dan tdk ada bugnya, bug yg di versi sebelum ny sudah tdk ada","1","0","0","0","0","0","0","0","0","0","0","0"
"Dari segi performa kai accsess terbaru lbih baik daripada seblumnya, booking tiekt makin mudah dan bayarnya bisa pake Qris ada fiturbuat pesen hotel juga lengkap","1","0","0","0","1","0","1","0","0","0","0","0"
"Aplikasinya update sendiri, tp setelah ter update tidak bisa lagi melihat jadwal kereta.","0","0","0","0","0","0","0","1","0","0","0","0"
"Ini downgrade bukan upgrade. Bad","0","0","0","0","0","0","0","0","0","0","0","1"
"Stelah saya updte lagi app nya udah lebih lancar   pemesanan tiket commuter line sudah tidak eror lagi","1","0","1","0","0","0","0","0","0","0","0","0"
"Cari tiket nya jadi sedikit menyusahkan, harus drop down dulu, kurang jelas tiket mana yg available, lebih jelas tampilan di versi sblm nya.. dan jadi tidak bisa sorting tiket yg available menurut harga,dsb.. Yg tersorting hanya judul besar tiket.. saran nya mungkin dikembalikan saja tampilan tiket nya seperti versi sebelumnya, menurut saya itu sudah sangat jelas","0","0","0","0","0","0","0","1","0","1","0","1"
"KAI access terupdete fiturnya makin lengkp tapi ga lemot  dan lancar juga,,pesan tiket kereta lancar seperti biasanya","1","0","1","0","0","0","0","0","0","0","0","0"
"Setelah di update malah jadi lancar sekali, good job tim IT ","1","0","0","0","0","0","0","0","0","0","1","0"
"Apk nya sekarang sudah tidak sering crash, jadi waktu mau memesan tiket selalu lancar tidak kehabisan waktu, pembayarannya juga mudah dg menggunaakn qris","1","0","1","0","1","0","0","0","0","0","0","0"
"Udah bisapake Qris di kai access aya suka dengan pembayaran Qris jadi lebih simpel ditambah uga aplikasinya makin satset","1","0","0","0","1","0","0","0","0","0","0","0"
"kaai acces sya udah pesen tiket dan bayar pke qris dana memudahkan banget","0","0","1","0","1","0","0","0","0","0","0","0"
"Update terbaru mlah tmabah lancar deh, walaupun tadi ada ssedikit kendala pas mau login tp selanjurnya lancar kok, suka dnegan pessan tiket online bisa pilih tempat duduk jg","1","0","1","0","0","0","0","0","0","0","0","0"
"Kualitas makin bagus mudah di akses. Mau pesan tiket jadi lebih mudah","1","0","1","0","0","0","0","0","0","0","0","0"
"Tolong atuh perbaiki kualitas nya kan banyak yang pake aplikasi ini seharusnya lebih ditingkatkan lagi. Jangan tiba tiba keluar sendiri akun nya trs susah login lagi nya loading nya lama banget ampun","0","1","0","0","0","0","0","0","0","0","0","1"
"fiturnya lebih ribet & membingungkan . lebih simpel aplikasi sebelumnya . ,ðŸ™","0","0","0","0","0","0","0","1","0","0","0","1"
"aplikasi menjadi lebih lancar sesudah di update, smuanya lancar dan cepat, mudah login, mudah booking, yang dulu lemot muter terus saya pernah nunggu hampir 1 jam bulak balik masih saja lemot, untung sekarnag sudah di update lebih memudahkan booking tiket online","1","0","1","0","0","0","0","0","0","0","0","0"
"Iya.. Aplikasi KAI ini jelekkk bangettt.. masa email & password udh bnr, tulisannya invalid token.. password udh direset & diganti juga masih tetep aja invalid token.. jadinya ga bisa dibuka.. ya mending uninstall aja..","0","0","0","0","0","0","0","0","0","0","0","1"
"KAI update otomatis di hp saya seltah saya buka dan ccoba versi barunya emang lebih user freandly,,,, syaa juga langsung pesan tiket untk kebernagkatan ke surabaya dg commuterline wah dari pencarian, pemesanan dan bayarnya mudah bettt lancar. suwun kai","1","0","1","0","1","0","0","0","0","0","1","0"
"Masih mudah dan gampang di pahami aplikasi yg terbaru,,","0","0","0","0","0","0","1","0","0","0","1","0"
"Secara user interface lebih baik yang sebelumnya, mungkin ya memang lebih terkesan modern atau bagus dipandang. Namun sedikit saran untuk bagian pemilihan tiket apabila semua tiket pada kategori tersebut habis makan seharusnya otomatis turun atau pindah ke bawah seperti dulu, serta harusnya ada perubahan harga dari harga mulai dari menjadi tiket paling murah yang tersedia sehingga lebih memudahkan percarian tiket sesuai kebutuhan.","0","0","0","0","0","0","0","1","0","0","0","0"
"makin BURIK, pindah ke sebelah aja lah","0","0","0","0","0","0","0","0","0","0","0","1"
"Sangat mudah di akses dan performanya semakin lancar","1","0","0","0","0","0","0","0","0","0","1","0"
"Saya pelanggan setia kai merasa paus dengan versi terbaruny memudahkan dlm segala hal pesan tiket mudah, cek tiket kereta mudah, bayrnya mudah, fitur tambahan yng juga berguna bagi saya. salutnya dg tambahan fitur yg banyak tpai masih lancar terus ga lemot lemot","1","0","1","0","1","0","1","0","0","0","0","0"
"Good job KAI aplikasinya jadi lancar banget, pemesanan cepat bgt, di upgrade jd lebih baik dan lebih mudah diakses","1","0","1","0","0","0","0","0","0","0","1","0"
"Pake aplikasi dulu setiap mau pesan tiket sering gagal tapi diaplikasi sekarang selalu berhasil dna lebih cepet juga tidak lemot","0","0","1","0","0","0","0","0","0","0","0","0"
"Kalo dibandingin kai yg dulu sama sekarang beda bgt dari segi performa nya makin lancar dari pesen tiket, bayarnya, tmpilannya menarik juga ditambah fitur2 terbaru yg bermanfaat bangett menurut saya","1","0","1","0","1","0","1","0","1","0","0","0"
"Selain apknya udah gak lemott lagi dan makin satset.... aku jg suka saat pesen tiket buat pilih kursinya lebih enak aja di versi skarang  daripada dulu","1","0","1","0","0","0","0","0","0","0","0","0"
"metode pembayaran sangat terbatas, tidak ada fitur ganti nomor padahal nomor sudah tidak aktif, tidak ada tombol pembayaran jika tidak sengaja keluar dr aplikasi","0","0","0","0","0","1","0","0","0","0","0","0"
"Waktu may Bayar sudah tidak loading terus lebih baik dari seblum ny performa nya meningkat","1","0","0","0","1","0","0","0","0","0","0","0"
"Apk versi lama suka lama kalo udah masuk ke pembayaran tapi versi baru ini jadi lebih lancr dan mduah buat cari & pesen tiektnya","0","0","1","0","1","0","0","0","0","0","0","0"
"udah update, ui yang baru tapi kualitas makin buruk. mau lihat jadwal krl dari jalur rangkas - tanah abang aja gak bisa","0","0","0","1","0","0","0","0","0","1","0","0"
"Ribet, lebih gampang yang lama","0","0","0","0","0","0","0","0","0","0","0","1"
"Aplikasi kaiacces ada update semakin simpel dan mempermudah. makin lancar dan ga lemot juga","1","0","0","0","0","0","1","0","0","0","0","0"
"Semenjak pembaruan sudah tidak ngelag, touchscreen responsif, lancar. suka jg ama fitur2 tambahnnya jadi app yg lebih multifungsi","1","0","0","0","0","0","1","0","0","0","0","0"
"Di update malah lancar bangettt yg dulu rada"" lemot soal ny,,,,,,buat pesen tiket & bayrnya lbh mudah skrang","1","0","1","0","1","0","0","0","0","0","0","0"
"Untuk update aplikasi nya lancar bangett, tapi lebih enak dilihat yang dulu tampilan menu aplikasinya","1","0","0","0","0","0","0","0","0","1","0","0"
"Upgrade Yang baru bagus dan lancar di pembayaran pake qris nya juga lancar","0","0","0","0","1","0","0","0","0","0","1","0"
"lancar dan satset bisa diajak buru2 kalo ada panggilan mendaadak kan jadi enak kalo satzt gini","1","0","0","0","0","0","0","0","0","0","1","0"
"tampilan interface tidak ramah setelah update ngga suka bgtt bikin mata sakit,,, untung makin lancar pesen tiket nya mudah bayarnya juga bisa pake ovo, soalnya saya user ovo bangwt","0","0","1","0","1","0","0","0","0","1","0","0"
"Lebih baik jangan di-update dulu, memang dari segi UI bagus, cuma masih banyak eror","0","1","0","0","0","0","0","0","1","0","0","0"
"Sudah terupdate harusnya lebih baik. Pas cek stasiun antar kota malah banyak yg gk ada","0","0","0","0","0","0","0","0","0","0","0","1"
"Mata saya lebih nyaman dengan warna biru khas KAI daripada yang ungu","0","0","0","0","0","0","0","0","0","1","0","0"
"Update sangat tidak nyaman Memang tampilan lebih baik Tapi buat apa tampilan baik kalo malah jadi lebih ribet Tolong tampilkan harga tiket per kelas bukan per nama kereta Sangat menyusahkan Dan tolong kembalikan filter kelas pada filter pencarian","0","0","0","0","0","0","0","1","1","0","0","0"
"Darisegi perfroma lbh baik dari versi seblmunya, suka bgt sama tampilan barunya","1","0","0","0","0","0","0","0","1","0","0","0"
"KAI access yang udah di update errornya udah ngga erorr udah normal semua mulai pesen tiket, pembayaran dll nya","1","0","1","0","1","0","0","0","0","0","0","0"
"Semenjak update aplikasi udah ngak lemot,,tapi tampilan membingungkan. Kereta yang penuh masih muncul untungnya pesen tiket sama bayar nya aman dan gampang bgt.","1","0","0","1","1","0","0","0","0","1","0","0"
"sataset banget coyyy..","1","0","0","0","0","0","0","0","0","0","0","0"
"Udah gk lemot lagi mau mesen tiket lokal tiket antarkota semua pake online tapi apk nya lancar parah gk lemot. jadi makin memudahkan juga setelah diperbarui huhuhhu suka....","1","0","1","0","0","0","0","0","0","0","0","0"
"satset parah solusi kalo lagi urgent","1","0","0","0","0","0","0","0","0","0","0","0"
"Semenjak upgrade makin lancar untuk pembayaran makin memudahkan","1","0","0","0","1","0","0","0","0","0","0","0"
"Versi baru memang lebih menarik dengan tanpilan dan fitur baru, saya pesen tiket goshow langsung dapet ga ada lagi tuh macet lemot semua lancar2 aja. kalo saya suka dg pembayaran qrisnya lebih  simepl","1","0","1","0","1","0","1","0","0","0","0","0"
"Tampilannya lebih suka yang dulu Lebih iconic ðŸ™ƒ","0","0","0","0","0","0","0","0","0","1","0","0"
"Aplikasinya lebih cepat dari pada yang aplikasi lama","1","0","0","0","0","0","0","0","0","0","0","0"
"Buat skrang yg semua serba online kai access verisi terbaru memudhkan usernya buat pesen tiket bayarnya jg secara online, approve buat kai","0","0","1","0","1","0","0","0","0","0","1","0"
"Coba dihilangkan aja fitur yang nggak relate sama KAI kayak beli paket data, pulsa dan token listrik biar aplikasi ini semakin efisien dan mengurangi beban server juga sehingga nggak overload ketika lagi banyak yang ngakses atau war tiket.","0","0","0","0","0","0","0","1","0","0","0","0"
"Satset parah bgt","1","0","0","0","0","0","0","0","0","0","0","0"
"lebih user friedly yang versi sebelumnya","0","0","0","0","0","0","0","0","0","0","1","0"
"Aplikasinya sangat mudah di gunakan tambah bagus dan tidak lemot","1","0","0","0","0","0","0","0","1","0","1","0"
"aplikasi acces by kai lebih lancar daripada aplikasi lama.","1","0","0","0","0","0","0","0","0","0","0","0"
"Tampilan baru. Bukan lebih mempermudah tapi lebih mempersulit. Kasian kalo orang awam untuk melakukan pemesanan lewat apk kai access.","0","0","0","1","0","0","0","0","0","1","0","0"
"Setelah update jadi user friendly dan ga ribet. Qris juga udah ke detect waktu bayar, ga perlua waktu laama buat bayarnya cpeet langsugn bisa sleesai","0","0","0","0","1","0","0","0","0","0","1","0"
"enakan yg sekarang aplikasinya lancar ga l emot, tampilan lebih kelihatan seger ga ngebosenin","1","0","0","0","0","0","0","0","1","0","0","0"
"Mudah buat cari dan pesen tiket, kemarin udah transaksi Qris sukses tiket buat besok PP sangat memudahkan ga perlu bingung2 lagi....","0","0","1","0","1","0","0","0","0","0","0","0"
"Mau masuk lancar bgt, proses ke pembayaran juga lancar, sampai- sampai waktu pembayaran hanya butuh waktu yang cepet ga lama. Ini aplikasi super lancar dari segala2nya","1","0","0","0","1","0","0","0","0","0","1","0"
"Diupgrade malah tambah lancar,dari proses login sampe pambayran tiket","1","0","1","0","1","0","0","0","0","0","0","0"
"Terima kasih, setelah di update kembali baru bisa di pakek","0","0","0","0","0","0","0","0","0","0","1","0"
"perbaikin apknya bagus sekali pesan ka lokal dah makin mudah dripada yang dulu","0","0","1","0","0","0","0","0","0","0","1","0"
"update jadi ringan dan lebih cepat. UX buat lihat detail harga inovasinya bagus","1","0","0","0","1","0","0","0","0","0","0","0"
"Diupdate malah bisa beli tiket dg mudah... lancar terus... UI nya yg diperbaiki jg lebih keren... lebih baik dari versi yg lama.. versi yg baru bagus banget performanya..","1","0","0","0","1","0","0","0","1","0","0","0"
"Setelah update malah ga lemot masuk nya, dr segi tampilan makin oke dan performanya makin baik","1","0","0","0","0","0","0","0","1","0","0","0"
"Sudah bagus yg lama, di apdet malah butut. Bagaimana ini?","0","0","0","0","0","0","0","0","0","0","0","1"
"Aplikasii kai setelah diupdate sangat sangatt bagus operasional yang cepat,beda sama aplikasi sebelum diupdate operasionalny lebih lambat,dan sekarang aplikasinya sangat sangat mempermudah saya","1","0","0","0","0","0","0","0","0","0","1","0"
"Aplikasi terupdate otomatis.. Tampilannya skrg tambah ribet dan bikin bingung.. Lebih simpel tampilan yg lama.. Seharusnya klo memang ada update lebih mempermudah..ini malah sebaliknya..","0","0","0","0","0","0","0","0","0","1","0","1"
"Upgrade makin meningkat ini tdk lemot ssaat dioperasikan. Makin memudahkan, kemarin ada kendla hubungin lewat sosial di respon dan ditnaggapi","1","0","0","0","0","0","0","0","0","0","1","0"
"Udah maakin lancar ga lemot lagi, tapi tampilan masih enak dulu . Tampilan sekarang kayak pelangi, perpaduan warna kurang cocok","1","0","0","0","0","0","0","0","0","1","0","0"
"Setelah di update malah makin mudah Untuk metode pembayaran dpt lewat ovo, link aja, dana","0","0","0","0","1","0","0","0","0","0","0","0"
"Upgrade malah makin lancr,tapii interface nya enak yg lama. Mo beli tiket malah jadi blh mudah. Pengguna setia KAI tiap weekend","1","0","0","0","1","0","0","0","0","1","0","0"
"Setelah upgrade terbaru, sangat memuaskan program ny berubah dan menjadi lebihh memuaskan. Lebih mudah aplikasi yg terbaru daripada yg sblum nya.","0","0","0","0","0","0","1","0","0","0","1","0"
"Aplikasinya kebanyakan fiture jembot, kebanyakan kreatif aplikasinya sampe gabisa di pakai","0","0","0","0","0","0","0","1","0","0","0","1"
"POIN PENTING REVIEW KAI ACCESS > ACCESS BY KAI 1. Dari semua yg paling mencolok adalah fitur pemesanan opsi RAILFOOD dan LAYANAN LAINNYA seharusnya tidak perlu masuk, biarkan itu dipesan sendiri. Karena menurut saya jadi tidak efisien saat masa hari raya yang trafic pemesanan tiket padat, apalagi jika dikejar waktu. 2. Kemudian pemilihan kursi, tampilan denah kursi terlalu besar sehingga harus scroll lama dan tidak ramah penggunaan, begitu kiga dengan opsi gerbong yang ada dibawah seperti itu.","0","0","0","1","0","0","0","0","0","1","0","0"
"Sejak diperbarui makin garibet.. Pesen tiket jadi sat set.. ga lemot.. lbih mudah beli tiket di aplikasi skrng.. Hhh.. lebih baik daripada seblumnya.. Thx","1","0","0","0","1","0","1","0","0","0","1","0"
"Setelah Update malah makin lancar g lemot, seblumnya saat masuk ke apk nya lemot bgt,sekarnang yg mau bli tiket atau mau bepergian naik Kereta jdi mudah apalagi yg mau pergi kerja","1","0","0","0","1","0","0","0","0","0","0","0"
"Aplikasi bagus banget setelah di update sudah tidak ada bug dan lancar banget","1","0","0","0","0","0","0","1","0","0","0","0"
"Keren setelah di update jadi cepet mau buka apknya. Gak cuma itu, mau pencarian juga ceept, kendala2 nya udah berkurangbgt","1","0","0","0","0","0","0","0","0","0","1","0"
"Malah semakin lancar, mudah untuk membuka aplikasinya","1","0","0","0","0","0","0","0","0","0","0","0"
"Aplikasi nya memuaskan loading udaj ga lama dna ga mandang provider kartu. Performa nya udah menignkat jd ga kesusahan pake aplikasi ini","1","0","0","0","0","0","0","0","0","0","1","0"
"semakin canggih ni apk, sekarng kalo mau pesen tiket gausah nulis nama satu1,,, soalnya nama yang sudah pernah masuk keseimpen, jadi tinggal nambahin","0","0","1","0","0","0","0","0","0","0","1","0"
"Udahh Lancar banget buat beli dan cari tiket malah tambah enak dipandaang ux terbaru nya","1","0","1","0","1","0","0","0","1","0","0","0"
"Setelah update yang terbaru tampilan oke, kualitasnya juga bagus banget. Load pas buka appnya juga ga lama, pas mau ke pembayaran juga lancar banget, pembayarannya dapat dilakukan dengan mudah. Ini nih aplikasi yang kita butuhkan cepet, simple, dan mudah.","1","0","0","0","1","0","0","0","0","0","1","0"
"Alamdulillah setelah update akses menjadi lebih lancar, tidak seperti pada aplikasi sebelumnya lemot. Saat memilih kursi timeout tdk perlu nunggu waktu lama & membuang waktu","1","0","1","0","0","0","0","0","0","0","0","0"
"Untuk proses pemesanan tiket lokal cepat banget, utk pembayaran ovo juga mudah","1","0","0","0","1","0","0","0","0","0","0","0"
"Jujur aja lebih bagus dan simpel versi yang lama min.untuk versi terbaru aneh banget tampilan nya bikin bingung dan malah lebih ribet.tolong di perbaiki kalo perlu di bikin tampilan seperti versi yang lama aja.nanti saya tambah bintang nya.","0","0","0","0","0","0","0","0","0","0","0","1"
"Alhamdulillah sudah lancar apknya.. emang minta di update trnyata","1","0","0","0","0","0","0","0","0","0","0","0"
"Setelah update jadi makin lancar, untuk buka aplikasinya langsung satset, tpi menurut saya tampilan antarmukanya bagusan yang sebelumnya","1","0","0","0","0","0","0","0","0","1","0","0"
"jadi makin ribet. bagi orang2 tua ini menyusahkan ya ui ux ny,, kalo dulu lebih sederhana,","0","0","0","0","0","0","0","1","0","1","0","1"
"Saya mau lihat jadwal kereta sekaligus pesan tiket udah lbih mudah.padahal sblmnya lemottt parah pdhal waktu itu lgi urgent..","1","0","1","0","0","0","0","0","0","0","0","0"
"Sudah update jadi makin bagus malah jadi semakin memudahkan, saat pembayaran menggunakan e wallet jadi mudah sekali, Lebih bagus dripada kai access versi lama..","1","0","0","0","1","0","0","0","0","0","1","0"
"Update terbaru, tampilan terbaru,bukanya memperbaiki,malah mempersulit, tiket udah habis ngapain masih pada nongol.. lbh suka tampilan yg lama ,simpel dan tidak beribet","0","0","0","0","0","0","0","0","0","1","0","1"
"Saat ini apk nya malah jadi lbh membantu. Loadingnya ga lama samsek, saat mau cek jadwal commuter line mudah sekali mencari nama stasiun . Tdk memakan banyak waktu loading untk menemukN hasil pencarian","1","0","1","0","0","0","0","0","0","0","0","0"
"Tidak bisa memunculkan e-boarding pass dan tmpt duduk, gimana sih hini kai","0","0","0","0","0","0","0","0","0","0","0","1"
"Parah enak versi dulu. dulu gabingung mau liat tiket yang udah dipesan dimana, sekarang kebanyakan printilan2 yang ga guna banget sumpahhhh","0","0","0","0","0","0","0","1","0","1","0","1"
"Cepat dan informtig","1","0","0","0","0","0","0","0","0","0","0","0"
"awalnya lemot, tpai setelah update jadi tidk sering error","1","0","0","0","0","0","0","0","0","0","0","0"
"","141","233","46","67","38","25","25","21","31","31","89","49"
"","359","267","454","433","462","475","475","479","469","469","411","451"
